sym,band
1332.T,132589.10000000001
1605.T,342034.79999999999
1721.T,247262.85999999999
1801.T,466450.01000000001
1802.T,392621.09999999998
1803.T,500000
1808.T,135646.48999999999
1812.T,500000
1878.T,5178.7999999999884
1893.T,315087.29999999999
1911.T,187867.60000000003
1925.T,24622.299999999988
1928.T,131772.5
1942.T,447158.22999999998
1944.T,299354.03999999998
1951.T,4714.3999999999942
1959.T,149726.18000000002
1963.T,539686.19999999995
1969.T,196795.10000000001
2002.T,121488.7
2181.T,75264.229999999996
2212.T,1
2264.T,104740.34999999999
2267.T,266400.29999999999
2269.T,262576.40000000002
2282.T,123527.09999999999
2331.T,96061.699999999997
2371.T,10964
2413.T,486133.70000000001
2432.T,38488.100000000006
2501.T,71912.880000000005
2502.T,612468
2503.T,636520.30000000005
2579.T,1
2587.T,265286.20000000001
2670.T,37154.470000000001
2768.T,399239.09999999998
2801.T,410562.40000000002
2802.T,750000
2809.T,125506.3
2871.T,140282
2875.T,209541.32000000001
2897.T,55431.300000000017
2914.T,435606.83999999997
3003.T,243403.59100000001
3038.T,390463.70000000001
3064.T,378977.5
3086.T,70078.300000000017
3088.T,358281.5
3092.T,110101.5
3099.T,127227.59999999998
3116.T,32443.899999999994
3197.T,284375.20000000001
3231.T,1
3288.T,49785.5
3289.T,235835.60000000001
3349.T,112961.87
3382.T,428876.35999999999
3391.T,78358.900000000023
3401.T,5217.2999999999884
3402.T,379008.09999999998
3405.T,173380.60000000001
3407.T,576036.5
3436.T,167875
3563.T,410557.82000000001
3626.T,277457
3635.T,167248.5
3659.T,317693.69999999995
3697.T,386406.59999999998
3769.T,186458.5
3774.T,145175.5
3861.T,35894.799999999988
4004.T,500000
4005.T,237804.79999999999
4021.T,38480.400000000023
4042.T,112712
4043.T,202908.39999999999
4061.T,254933.79999999999
4062.T,500000
4063.T,600858.69999999995
4088.T,365863.5
4091.T,321521
4151.T,1
4182.T,54582.200000000012
4183.T,412313.5
4186.T,399993.40000000002
4188.T,479976.70000000001
4194.T,124975.5
4203.T,39056
4204.T,26308.700000000012
4307.T,321278.20000000001
4324.T,359497.79999999999
4385.T,506909.20000000001
4403.T,1
4452.T,298678.5
4502.T,638931.5
4503.T,464380.97999999998
4506.T,366849.90000000002
4507.T,622027.59999999998
4516.T,76236.25
4519.T,318884.29999999999
4523.T,293994.42000000004
4527.T,110508.10000000001
4528.T,264594.53000000003
4530.T,1
4536.T,1
4543.T,602627.59999999998
4568.T,533116.15000000002
4578.T,298703.79999999999
4612.T,217143.31
4613.T,50930.399999999994
4661.T,156868.5
4666.T,97403.759999999995
4676.T,113273.10000000001
4684.T,216292.40000000002
4689.T,418749.13999999996
4704.T,371566.81
4716.T,248641.39999999999
4732.T,128926.05999999998
4751.T,305049.70000000001
4755.T,391112.79999999999
4768.T,24866.200000000012
4901.T,500000
4911.T,254067.39999999999
4912.T,118723.03
5016.T,91876.900000000023
5019.T,7197.6000000000349
5020.T,571928.53000000003
5021.T,182946.29999999999
5076.T,259992.15999999997
5101.T,92566.199999999953
5105.T,242192.89999999999
5108.T,383796.70000000001
5110.T,249286.5
5201.T,377189.70000000001
5214.T,181662.29999999999
5233.T,177023.5
5332.T,43350.799999999988
5333.T,165925.09999999998
5334.T,580078.19999999995
5344.T,671811.90000000002
5393.T,147556.446
5401.T,358743.5
5406.T,207570.84000000003
5411.T,500516.29999999999
5444.T,124385.391
5631.T,1
5706.T,500000
5711.T,287166.40000000002
5713.T,500000
5714.T,302491.40000000002
5801.T,500000
5802.T,463068.81
5803.T,500000
5830.T,138102.60000000001
5831.T,240383.58999999997
5838.T,500000
5844.T,122864.99999999997
5929.T,115443.09
5938.T,239913.39999999999
6098.T,302503.79999999999
6113.T,191548.29999999999
6134.T,257306.60000000001
6141.T,361283
6146.T,382420.79999999999
6178.T,582145.5
6201.T,8522.4000000000233
6268.T,428656.70000000001
6269.T,422445.90000000002
6273.T,372715.5
6301.T,59149.299999999988
6302.T,289984.70000000001
6305.T,425582.59100000001
6323.T,291623.90000000002
6326.T,384199.70000000001
6361.T,750000
6367.T,4528.0999999999767
6368.T,161172.00000000003
6370.T,319703.29999999999
6383.T,22252.599999999977
6417.T,35397.449999999997
6448.T,134287.42999999999
6460.T,68412.279999999999
6465.T,156836.79999999999
6471.T,231249.60000000001
6473.T,90795.749999999985
6479.T,423345.16000000003
6481.T,387081.56999999995
6501.T,498883.103
6503.T,135427.59999999998
6504.T,464573.37
6506.T,750000
6525.T,19630.200000000012
6526.T,179202.5
6532.T,662440.59999999998
6586.T,90845.100000000006
6645.T,244664.70000000001
6674.T,466418.5
6701.T,500000
6702.T,171149.79999999999
6723.T,500000
6724.T,211747.63
6728.T,268784.09999999998
6752.T,411652.46999999997
6754.T,448510.70000000001
6758.T,500000
6762.T,500000
6770.T,244701.70000000001
6806.T,188228.78
6841.T,484826
6845.T,1
6856.T,241877.97
6857.T,1
6861.T,222507
6869.T,336394.59999999998
6902.T,500000
6920.T,750000
6923.T,4890.5
6952.T,1
6954.T,500000
6963.T,441029.45000000001
6965.T,475222.29999999999
6971.T,750000
6976.T,500000
6981.T,356933.29999999999
6988.T,24765.599999999977
7003.T,558498.54000000004
7011.T,500000
7012.T,261740.10000000001
7013.T,73803.099999999977
7167.T,213862.39999999999
7181.T,212309.42000000001
7182.T,652959.80000000005
7186.T,182057.79999999999
7201.T,207575.70000000001
7202.T,333179.10000000003
7203.T,372064.70000000001
7211.T,306081.09999999998
7259.T,416378.47999999998
7261.T,168820.90000000002
7267.T,327927.90000000002
7269.T,706899.59999999998
7270.T,447776.23999999999
7272.T,493877.09999999998
7276.T,32364.300000000003
7282.T,43096.299999999988
7309.T,385047.29999999999
7453.T,685535
7459.T,1863.0199999999895
7532.T,547200.69999999995
7550.T,376555.29999999999
7649.T,55823.800000000003
7701.T,294359.5
7729.T,377598.84999999998
7731.T,231739.81
7733.T,53221.700000000012
7735.T,606664.09999999998
7741.T,200930.09999999998
7747.T,61813.799999999988
7751.T,500000
7752.T,216288.5
7832.T,252066.89999999999
7911.T,419100.75
7912.T,224679.59999999998
7936.T,500000
7951.T,180741.89999999999
7974.T,120972
7988.T,80961.190000000002
8001.T,293042.79999999999
8002.T,500000
8015.T,545082.44999999995
8031.T,631815.90000000002
8035.T,500000
8053.T,471588.87
8056.T,1
8058.T,705910.19999999995
8113.T,324811.29999999999
8136.T,502461.56199999998
8227.T,174459.60000000001
8233.T,79254.029999999999
8252.T,39024.799999999988
8253.T,161475.60000000001
8267.T,478975.46999999997
8303.T,443052.40000000002
8306.T,736596.40000000002
8308.T,750000
8309.T,501771.20500000002
8316.T,500000
8331.T,295457.05000000005
8334.T,178270.84099999999
8341.T,126350.31
8354.T,138685.09999999998
8359.T,199092.60000000001
8377.T,1
8411.T,661295.69999999995
8473.T,511806.87
8591.T,508538.68599999999
8593.T,228060.90000000002
8601.T,363913.90000000002
8604.T,1
8630.T,288180.70000000001
8697.T,351640.60999999999
8725.T,244460.5
8729.T,269062.79999999999
8750.T,567949.32999999996
8766.T,10597.900000000023
8795.T,272657.70000000001
8801.T,356794.40000000002
8802.T,223059.40000000002
8804.T,233462.20000000001
8830.T,57656.599999999977
9001.T,100342.89999999999
9005.T,79926.5
9007.T,131933.29999999999
9009.T,178917.60000000001
9020.T,369678.79999999999
9021.T,284631.30000000005
9022.T,461052.33000000002
9023.T,205024.5
9024.T,317764.70000000001
9041.T,31164.599999999977
9042.T,16311.100000000035
9064.T,85873.959999999992
9072.T,55513.690000000002
9101.T,500088.31477
9104.T,485525
9107.T,538662.68999999994
9142.T,171444.10000000001
9143.T,21293.700000000012
9147.T,365316.59999999998
9201.T,304396.40000000002
9202.T,397371
9364.T,85677.910000000003
9432.T,500250.43290000001
9433.T,272744.59999999998
9434.T,499947.94412
9435.T,101557.79999999999
9468.T,92460.959999999992
9501.T,552677.45999999996
9502.T,362000.90000000002
9503.T,12637.5
9506.T,149321.37
9508.T,131403.76000000001
9513.T,164822
9531.T,500000
9532.T,210480.40000000002
9602.T,357809.24099999998
9684.T,127389.67999999999
9697.T,500000
9706.T,104741.7
9735.T,488291.09999999998
9766.T,382209
9831.T,90335.75
9843.T,500000
9962.T,328355.29999999999
9983.T,115199.59999999998
9984.T,666058.40000000002
9987.T,1
