name,lb,ub,type
grossDv01_ptf,0,1200000,gross
deltaDv01_ptf,-500000,500000,net
grossDv01_1Y1Y_2Y1Y_3Y1Y,0,300000,gross
grossDv01_2Y1Y_3Y1Y_4Y1Y,0,300000,gross
grossDv01_3Y1Y_4Y1Y_5Y1Y,0,100000,gross
grossDv01_3Y2Y_5Y2Y_7Y2Y,0,300000,gross
grossDv01_4Y2Y_6Y2Y_8Y2Y,0,300000,gross
grossDv01_6Y2Y_8Y2Y_10Y2Y,0,100000,gross
grossDv01_5Y5Y_10Y5Y_15Y5Y,0,300000,gross
grossDv01_10Y5Y_15Y5Y_20Y5Y,0,300000,gross
grossDv01_15Y5Y_20Y5Y_25Y5Y,0,100000,gross
deltaDv01_1Y1Y_2Y1Y_3Y1Y,-300000,300000,net
deltaDv01_2Y1Y_3Y1Y_4Y1Y,-300000,300000,net
deltaDv01_3Y1Y_4Y1Y_5Y1Y,-100000,100000,net
deltaDv01_3Y2Y_5Y2Y_7Y2Y,-300000,300000,net
deltaDv01_4Y2Y_6Y2Y_8Y2Y,-300000,300000,net
deltaDv01_6Y2Y_8Y2Y_10Y2Y,-100000,100000,net
deltaDv01_5Y5Y_10Y5Y_15Y5Y,-300000,300000,net
deltaDv01_10Y5Y_15Y5Y_20Y5Y,-300000,300000,net
deltaDv01_15Y5Y_20Y5Y_25Y5Y,-100000,100000,net
grossDv01_AUD,0,300000,gross
grossDv01_JPY,0,1000000,gross
grossDv01_USD,0,300000,gross
deltaDv01_AUD,-300000,300000,net
deltaDv01_JPY,-1000000,1000000,net
deltaDv01_USD,-300000,300000,net
deltaTradeDv01_AUD,-500000,500000,net_trade
deltaTradeDv01_JPY,-500000,500000,net_trade
deltaTradeDv01_USD,-500000,500000,net_trade
