sym,position,alpha,masterAlpha_exec,lambda,tlambda,cost,minTrade,maxTrade,minPosition,maxPosition,minPerTradeDv01,isHoliday,isValidForTrd,panic_mode
AUD_IRS_FWDFLY_10Y5Y_15Y5Y_20Y5Y,0,-0.598401,0.0695516,1.61E-05,1.00E-06,0.5555,0,0,-1.00E-06,1.00E-06,10000,0,1,0
AUD_IRS_FWDFLY_2Y1Y_3Y1Y_4Y1Y,-43983.66,-1.088394,-0.09790479,1.24E-05,6.67E-07,0.5555,-25000,0,-50000,50000,10000,0,1,0
AUD_IRS_FWDFLY_3Y1Y_4Y1Y_5Y1Y,17895.82,-0.2115419,0.1095872,1.49E-05,1.00E-06,0.5555,0,0,-20000,20000,10000,0,1,0
AUD_IRS_FWDFLY_3Y2Y_5Y2Y_7Y2Y,45912.77,0.8881551,-0.09088959,7.04E-06,6.67E-07,0.5555,0,0,-50000,50000,10000,0,1,0
AUD_IRS_FWDFLY_4Y2Y_6Y2Y_8Y2Y,44173.38,0.5360962,0.2391687,6.40E-06,6.67E-07,0.5555,0,25000,-50000,50000,10000,0,1,0
AUD_IRS_FWDFLY_5Y5Y_10Y5Y_15Y5Y,38444.6,0.7736583,0.1211668,1.16E-05,8.00E-07,0.5555,0,25000,-40000,40000,10000,0,1,0
AUD_IRS_FWDFLY_6Y2Y_8Y2Y_10Y2Y,17844.72,-0.1899978,0.1337678,1.55E-05,1.00E-06,0.5555,0,0,-20000,20000,10000,0,1,0
JPY_OIS_FWDFLY_10Y5Y_15Y5Y_20Y5Y,-17533.56,-0.3256671,-0.9283758,5.31E-06,4.00E-07,0.5555,-40000,0,-120000,120000,10000,0,1,0
JPY_OIS_FWDFLY_15Y5Y_20Y5Y_25Y5Y,-39652.43,0.1888644,0.6683692,7.78E-06,4.00E-07,0.5555,0,40000,-40000,40000,10000,0,1,0
JPY_OIS_FWDFLY_1Y1Y_2Y1Y_3Y1Y,-26995.91,0.05821912,0.4209009,4.71E-06,2.86E-07,0.5555,0,60000,-240000,240000,20000,0,1,0
JPY_OIS_FWDFLY_2Y1Y_3Y1Y_4Y1Y,-2182.482,0.1882808,-0.4502617,4.51E-06,2.86E-07,0.5555,0,0,-240000,240000,20000,0,1,0
JPY_OIS_FWDFLY_3Y1Y_4Y1Y_5Y1Y,-12900.44,0.03955659,0.2749,2.79E-05,4.44E-07,0.5555,0,40000,-20000,20000,10000,0,1,0
JPY_OIS_FWDFLY_3Y2Y_5Y2Y_7Y2Y,-74554.22,-0.1306441,-0.01469954,2.28E-06,2.86E-07,0.5555,-60000,0,-240000,240000,20000,0,1,0
JPY_OIS_FWDFLY_4Y2Y_6Y2Y_8Y2Y,62057.17,-0.2942131,-1.223206,2.51E-06,2.86E-07,0.5555,-62057.17,0,-240000,240000,20000,0,1,0
JPY_OIS_FWDFLY_5Y5Y_10Y5Y_15Y5Y,54233.3,-0.1291094,0.1045726,2.81E-06,2.86E-07,0.5555,0,0,-180000,180000,20000,0,1,0
JPY_OIS_FWDFLY_6Y2Y_8Y2Y_10Y2Y,39944.52,0.6564218,0.9012016,8.53E-06,4.00E-07,0.5555,0,40000,-50000,50000,10000,0,1,0
USD_OIS_FWDFLY_10Y5Y_15Y5Y_20Y5Y,-18109.19,0.4810655,0.2944452,5.87E-06,4.00E-07,0.5555,0,40000,-40000,40000,10000,0,1,0
USD_OIS_FWDFLY_2Y1Y_3Y1Y_4Y1Y,34716.08,0.3301991,0.1176312,5.97E-06,4.00E-07,0.5555,0,40000,-40000,40000,10000,0,1,0
USD_OIS_FWDFLY_3Y1Y_4Y1Y_5Y1Y,14306.47,-0.2376413,-0.4651274,1.81E-05,5.00E-07,0.5555,-40000,0,-20000,20000,10000,0,1,0
USD_OIS_FWDFLY_3Y2Y_5Y2Y_7Y2Y,51167.12,0.607984,-0.1250075,6.40E-06,4.00E-07,0.5555,0,0,-60000,60000,10000,0,1,0
USD_OIS_FWDFLY_4Y2Y_6Y2Y_8Y2Y,-60389.94,0.1646658,0.2260756,5.12E-06,4.00E-07,0.5555,0,60389.94,-60000,60000,10000,0,1,0
USD_OIS_FWDFLY_5Y5Y_10Y5Y_15Y5Y,28885.96,-0.213616,-0.0740439,6.83E-06,4.00E-07,0.5555,-40000,0,-40000,40000,10000,0,1,0
USD_OIS_FWDFLY_6Y2Y_8Y2Y_10Y2Y,285.4994,0.4440802,0.4297487,1.39E-05,5.00E-07,0.5555,0,40000,-20000,20000,10000,0,1,0
