sym,targetTrade,targetPosition
AUD_IRS_FWDFLY_10Y5Y_15Y5Y_20Y5Y,0,0
AUD_IRS_FWDFLY_2Y1Y_3Y1Y_4Y1Y,-2.054646e-06,-43983.66
AUD_IRS_FWDFLY_3Y1Y_4Y1Y_5Y1Y,0,17895.82
AUD_IRS_FWDFLY_3Y2Y_5Y2Y_7Y2Y,0,45912.77
AUD_IRS_FWDFLY_4Y2Y_6Y2Y_8Y2Y,3.825169e-08,44173.38
AUD_IRS_FWDFLY_5Y5Y_10Y5Y_15Y5Y,5.267462e-08,38444.6
AUD_IRS_FWDFLY_6Y2Y_8Y2Y_10Y2Y,0,17844.72
JPY_OIS_FWDFLY_10Y5Y_15Y5Y_20Y5Y,-3.518429e-08,-17533.56
JPY_OIS_FWDFLY_15Y5Y_20Y5Y_25Y5Y,2.125751e-07,-39652.43
JPY_OIS_FWDFLY_1Y1Y_2Y1Y_3Y1Y,2.997505e-08,-26995.91
JPY_OIS_FWDFLY_2Y1Y_3Y1Y_4Y1Y,0,-2182.482
JPY_OIS_FWDFLY_3Y1Y_4Y1Y_5Y1Y,7.864425e-08,-12900.44
JPY_OIS_FWDFLY_3Y2Y_5Y2Y_7Y2Y,-1.560351e-08,-74554.22
JPY_OIS_FWDFLY_4Y2Y_6Y2Y_8Y2Y,-1.139505e-07,62057.17
JPY_OIS_FWDFLY_5Y5Y_10Y5Y_15Y5Y,0,54233.3
JPY_OIS_FWDFLY_6Y2Y_8Y2Y_10Y2Y,4.939162e-08,39944.52
USD_OIS_FWDFLY_10Y5Y_15Y5Y_20Y5Y,5075.519,-13033.67
USD_OIS_FWDFLY_2Y1Y_3Y1Y_4Y1Y,2.553032e-08,34716.08
USD_OIS_FWDFLY_3Y1Y_4Y1Y_5Y1Y,-2.135608e-07,14306.47
USD_OIS_FWDFLY_3Y2Y_5Y2Y_7Y2Y,0,51167.12
USD_OIS_FWDFLY_4Y2Y_6Y2Y_8Y2Y,389.9391,-60000
USD_OIS_FWDFLY_5Y5Y_10Y5Y_15Y5Y,-8.351371e-08,28885.96
USD_OIS_FWDFLY_6Y2Y_8Y2Y_10Y2Y,1.066011e-07,285.4994
