name,sym,weight
grossDv01_ptf,AUD_IRS_FWDFLY_10Y5Y_15Y5Y_20Y5Y,1
grossDv01_ptf,AUD_IRS_FWDFLY_2Y1Y_3Y1Y_4Y1Y,1
grossDv01_ptf,AUD_IRS_FWDFLY_3Y1Y_4Y1Y_5Y1Y,1
grossDv01_ptf,AUD_IRS_FWDFLY_3Y2Y_5Y2Y_7Y2Y,1
grossDv01_ptf,AUD_IRS_FWDFLY_4Y2Y_6Y2Y_8Y2Y,1
grossDv01_ptf,AUD_IRS_FWDFLY_5Y5Y_10Y5Y_15Y5Y,1
grossDv01_ptf,AUD_IRS_FWDFLY_6Y2Y_8Y2Y_10Y2Y,1
grossDv01_ptf,JPY_OIS_FWDFLY_10Y5Y_15Y5Y_20Y5Y,1
grossDv01_ptf,JPY_OIS_FWDFLY_15Y5Y_20Y5Y_25Y5Y,1
grossDv01_ptf,JPY_OIS_FWDFLY_1Y1Y_2Y1Y_3Y1Y,1
grossDv01_ptf,JPY_OIS_FWDFLY_2Y1Y_3Y1Y_4Y1Y,1
grossDv01_ptf,JPY_OIS_FWDFLY_3Y1Y_4Y1Y_5Y1Y,1
grossDv01_ptf,JPY_OIS_FWDFLY_3Y2Y_5Y2Y_7Y2Y,1
grossDv01_ptf,JPY_OIS_FWDFLY_4Y2Y_6Y2Y_8Y2Y,1
grossDv01_ptf,JPY_OIS_FWDFLY_5Y5Y_10Y5Y_15Y5Y,1
grossDv01_ptf,JPY_OIS_FWDFLY_6Y2Y_8Y2Y_10Y2Y,1
grossDv01_ptf,USD_OIS_FWDFLY_10Y5Y_15Y5Y_20Y5Y,1
grossDv01_ptf,USD_OIS_FWDFLY_2Y1Y_3Y1Y_4Y1Y,1
grossDv01_ptf,USD_OIS_FWDFLY_3Y1Y_4Y1Y_5Y1Y,1
grossDv01_ptf,USD_OIS_FWDFLY_3Y2Y_5Y2Y_7Y2Y,1
grossDv01_ptf,USD_OIS_FWDFLY_4Y2Y_6Y2Y_8Y2Y,1
grossDv01_ptf,USD_OIS_FWDFLY_5Y5Y_10Y5Y_15Y5Y,1
grossDv01_ptf,USD_OIS_FWDFLY_6Y2Y_8Y2Y_10Y2Y,1
deltaDv01_ptf,AUD_IRS_FWDFLY_10Y5Y_15Y5Y_20Y5Y,1
deltaDv01_ptf,AUD_IRS_FWDFLY_2Y1Y_3Y1Y_4Y1Y,1
deltaDv01_ptf,AUD_IRS_FWDFLY_3Y1Y_4Y1Y_5Y1Y,1
deltaDv01_ptf,AUD_IRS_FWDFLY_3Y2Y_5Y2Y_7Y2Y,1
deltaDv01_ptf,AUD_IRS_FWDFLY_4Y2Y_6Y2Y_8Y2Y,1
deltaDv01_ptf,AUD_IRS_FWDFLY_5Y5Y_10Y5Y_15Y5Y,1
deltaDv01_ptf,AUD_IRS_FWDFLY_6Y2Y_8Y2Y_10Y2Y,1
deltaDv01_ptf,JPY_OIS_FWDFLY_10Y5Y_15Y5Y_20Y5Y,1
deltaDv01_ptf,JPY_OIS_FWDFLY_15Y5Y_20Y5Y_25Y5Y,1
deltaDv01_ptf,JPY_OIS_FWDFLY_1Y1Y_2Y1Y_3Y1Y,1
deltaDv01_ptf,JPY_OIS_FWDFLY_2Y1Y_3Y1Y_4Y1Y,1
deltaDv01_ptf,JPY_OIS_FWDFLY_3Y1Y_4Y1Y_5Y1Y,1
deltaDv01_ptf,JPY_OIS_FWDFLY_3Y2Y_5Y2Y_7Y2Y,1
deltaDv01_ptf,JPY_OIS_FWDFLY_4Y2Y_6Y2Y_8Y2Y,1
deltaDv01_ptf,JPY_OIS_FWDFLY_5Y5Y_10Y5Y_15Y5Y,1
deltaDv01_ptf,JPY_OIS_FWDFLY_6Y2Y_8Y2Y_10Y2Y,1
deltaDv01_ptf,USD_OIS_FWDFLY_10Y5Y_15Y5Y_20Y5Y,1
deltaDv01_ptf,USD_OIS_FWDFLY_2Y1Y_3Y1Y_4Y1Y,1
deltaDv01_ptf,USD_OIS_FWDFLY_3Y1Y_4Y1Y_5Y1Y,1
deltaDv01_ptf,USD_OIS_FWDFLY_3Y2Y_5Y2Y_7Y2Y,1
deltaDv01_ptf,USD_OIS_FWDFLY_4Y2Y_6Y2Y_8Y2Y,1
deltaDv01_ptf,USD_OIS_FWDFLY_5Y5Y_10Y5Y_15Y5Y,1
deltaDv01_ptf,USD_OIS_FWDFLY_6Y2Y_8Y2Y_10Y2Y,1
grossDv01_1Y1Y_2Y1Y_3Y1Y,JPY_OIS_FWDFLY_1Y1Y_2Y1Y_3Y1Y,1
grossDv01_2Y1Y_3Y1Y_4Y1Y,AUD_IRS_FWDFLY_2Y1Y_3Y1Y_4Y1Y,1
grossDv01_2Y1Y_3Y1Y_4Y1Y,JPY_OIS_FWDFLY_2Y1Y_3Y1Y_4Y1Y,1
grossDv01_2Y1Y_3Y1Y_4Y1Y,USD_OIS_FWDFLY_2Y1Y_3Y1Y_4Y1Y,1
grossDv01_3Y1Y_4Y1Y_5Y1Y,AUD_IRS_FWDFLY_3Y1Y_4Y1Y_5Y1Y,1
grossDv01_3Y1Y_4Y1Y_5Y1Y,JPY_OIS_FWDFLY_3Y1Y_4Y1Y_5Y1Y,1
grossDv01_3Y1Y_4Y1Y_5Y1Y,USD_OIS_FWDFLY_3Y1Y_4Y1Y_5Y1Y,1
grossDv01_3Y2Y_5Y2Y_7Y2Y,AUD_IRS_FWDFLY_3Y2Y_5Y2Y_7Y2Y,1
grossDv01_3Y2Y_5Y2Y_7Y2Y,JPY_OIS_FWDFLY_3Y2Y_5Y2Y_7Y2Y,1
grossDv01_3Y2Y_5Y2Y_7Y2Y,USD_OIS_FWDFLY_3Y2Y_5Y2Y_7Y2Y,1
grossDv01_4Y2Y_6Y2Y_8Y2Y,AUD_IRS_FWDFLY_4Y2Y_6Y2Y_8Y2Y,1
grossDv01_4Y2Y_6Y2Y_8Y2Y,JPY_OIS_FWDFLY_4Y2Y_6Y2Y_8Y2Y,1
grossDv01_4Y2Y_6Y2Y_8Y2Y,USD_OIS_FWDFLY_4Y2Y_6Y2Y_8Y2Y,1
grossDv01_6Y2Y_8Y2Y_10Y2Y,AUD_IRS_FWDFLY_6Y2Y_8Y2Y_10Y2Y,1
grossDv01_6Y2Y_8Y2Y_10Y2Y,JPY_OIS_FWDFLY_6Y2Y_8Y2Y_10Y2Y,1
grossDv01_6Y2Y_8Y2Y_10Y2Y,USD_OIS_FWDFLY_6Y2Y_8Y2Y_10Y2Y,1
grossDv01_5Y5Y_10Y5Y_15Y5Y,AUD_IRS_FWDFLY_5Y5Y_10Y5Y_15Y5Y,1
grossDv01_5Y5Y_10Y5Y_15Y5Y,JPY_OIS_FWDFLY_5Y5Y_10Y5Y_15Y5Y,1
grossDv01_5Y5Y_10Y5Y_15Y5Y,USD_OIS_FWDFLY_5Y5Y_10Y5Y_15Y5Y,1
grossDv01_10Y5Y_15Y5Y_20Y5Y,AUD_IRS_FWDFLY_10Y5Y_15Y5Y_20Y5Y,1
grossDv01_10Y5Y_15Y5Y_20Y5Y,JPY_OIS_FWDFLY_10Y5Y_15Y5Y_20Y5Y,1
grossDv01_10Y5Y_15Y5Y_20Y5Y,USD_OIS_FWDFLY_10Y5Y_15Y5Y_20Y5Y,1
grossDv01_15Y5Y_20Y5Y_25Y5Y,JPY_OIS_FWDFLY_15Y5Y_20Y5Y_25Y5Y,1
deltaDv01_1Y1Y_2Y1Y_3Y1Y,JPY_OIS_FWDFLY_1Y1Y_2Y1Y_3Y1Y,1
deltaDv01_2Y1Y_3Y1Y_4Y1Y,AUD_IRS_FWDFLY_2Y1Y_3Y1Y_4Y1Y,1
deltaDv01_2Y1Y_3Y1Y_4Y1Y,JPY_OIS_FWDFLY_2Y1Y_3Y1Y_4Y1Y,1
deltaDv01_2Y1Y_3Y1Y_4Y1Y,USD_OIS_FWDFLY_2Y1Y_3Y1Y_4Y1Y,1
deltaDv01_3Y1Y_4Y1Y_5Y1Y,AUD_IRS_FWDFLY_3Y1Y_4Y1Y_5Y1Y,1
deltaDv01_3Y1Y_4Y1Y_5Y1Y,JPY_OIS_FWDFLY_3Y1Y_4Y1Y_5Y1Y,1
deltaDv01_3Y1Y_4Y1Y_5Y1Y,USD_OIS_FWDFLY_3Y1Y_4Y1Y_5Y1Y,1
deltaDv01_3Y2Y_5Y2Y_7Y2Y,AUD_IRS_FWDFLY_3Y2Y_5Y2Y_7Y2Y,1
deltaDv01_3Y2Y_5Y2Y_7Y2Y,JPY_OIS_FWDFLY_3Y2Y_5Y2Y_7Y2Y,1
deltaDv01_3Y2Y_5Y2Y_7Y2Y,USD_OIS_FWDFLY_3Y2Y_5Y2Y_7Y2Y,1
deltaDv01_4Y2Y_6Y2Y_8Y2Y,AUD_IRS_FWDFLY_4Y2Y_6Y2Y_8Y2Y,1
deltaDv01_4Y2Y_6Y2Y_8Y2Y,JPY_OIS_FWDFLY_4Y2Y_6Y2Y_8Y2Y,1
deltaDv01_4Y2Y_6Y2Y_8Y2Y,USD_OIS_FWDFLY_4Y2Y_6Y2Y_8Y2Y,1
deltaDv01_6Y2Y_8Y2Y_10Y2Y,AUD_IRS_FWDFLY_6Y2Y_8Y2Y_10Y2Y,1
deltaDv01_6Y2Y_8Y2Y_10Y2Y,JPY_OIS_FWDFLY_6Y2Y_8Y2Y_10Y2Y,1
deltaDv01_6Y2Y_8Y2Y_10Y2Y,USD_OIS_FWDFLY_6Y2Y_8Y2Y_10Y2Y,1
deltaDv01_5Y5Y_10Y5Y_15Y5Y,AUD_IRS_FWDFLY_5Y5Y_10Y5Y_15Y5Y,1
deltaDv01_5Y5Y_10Y5Y_15Y5Y,JPY_OIS_FWDFLY_5Y5Y_10Y5Y_15Y5Y,1
deltaDv01_5Y5Y_10Y5Y_15Y5Y,USD_OIS_FWDFLY_5Y5Y_10Y5Y_15Y5Y,1
deltaDv01_10Y5Y_15Y5Y_20Y5Y,AUD_IRS_FWDFLY_10Y5Y_15Y5Y_20Y5Y,1
deltaDv01_10Y5Y_15Y5Y_20Y5Y,JPY_OIS_FWDFLY_10Y5Y_15Y5Y_20Y5Y,1
deltaDv01_10Y5Y_15Y5Y_20Y5Y,USD_OIS_FWDFLY_10Y5Y_15Y5Y_20Y5Y,1
deltaDv01_15Y5Y_20Y5Y_25Y5Y,JPY_OIS_FWDFLY_15Y5Y_20Y5Y_25Y5Y,1
grossDv01_AUD,AUD_IRS_FWDFLY_10Y5Y_15Y5Y_20Y5Y,1
grossDv01_AUD,AUD_IRS_FWDFLY_2Y1Y_3Y1Y_4Y1Y,1
grossDv01_AUD,AUD_IRS_FWDFLY_3Y1Y_4Y1Y_5Y1Y,1
grossDv01_AUD,AUD_IRS_FWDFLY_3Y2Y_5Y2Y_7Y2Y,1
grossDv01_AUD,AUD_IRS_FWDFLY_4Y2Y_6Y2Y_8Y2Y,1
grossDv01_AUD,AUD_IRS_FWDFLY_5Y5Y_10Y5Y_15Y5Y,1
grossDv01_AUD,AUD_IRS_FWDFLY_6Y2Y_8Y2Y_10Y2Y,1
grossDv01_JPY,JPY_OIS_FWDFLY_10Y5Y_15Y5Y_20Y5Y,1
grossDv01_JPY,JPY_OIS_FWDFLY_15Y5Y_20Y5Y_25Y5Y,1
grossDv01_JPY,JPY_OIS_FWDFLY_1Y1Y_2Y1Y_3Y1Y,1
grossDv01_JPY,JPY_OIS_FWDFLY_2Y1Y_3Y1Y_4Y1Y,1
grossDv01_JPY,JPY_OIS_FWDFLY_3Y1Y_4Y1Y_5Y1Y,1
grossDv01_JPY,JPY_OIS_FWDFLY_3Y2Y_5Y2Y_7Y2Y,1
grossDv01_JPY,JPY_OIS_FWDFLY_4Y2Y_6Y2Y_8Y2Y,1
grossDv01_JPY,JPY_OIS_FWDFLY_5Y5Y_10Y5Y_15Y5Y,1
grossDv01_JPY,JPY_OIS_FWDFLY_6Y2Y_8Y2Y_10Y2Y,1
grossDv01_USD,USD_OIS_FWDFLY_10Y5Y_15Y5Y_20Y5Y,1
grossDv01_USD,USD_OIS_FWDFLY_2Y1Y_3Y1Y_4Y1Y,1
grossDv01_USD,USD_OIS_FWDFLY_3Y1Y_4Y1Y_5Y1Y,1
grossDv01_USD,USD_OIS_FWDFLY_3Y2Y_5Y2Y_7Y2Y,1
grossDv01_USD,USD_OIS_FWDFLY_4Y2Y_6Y2Y_8Y2Y,1
grossDv01_USD,USD_OIS_FWDFLY_5Y5Y_10Y5Y_15Y5Y,1
grossDv01_USD,USD_OIS_FWDFLY_6Y2Y_8Y2Y_10Y2Y,1
deltaDv01_AUD,AUD_IRS_FWDFLY_10Y5Y_15Y5Y_20Y5Y,1
deltaDv01_AUD,AUD_IRS_FWDFLY_2Y1Y_3Y1Y_4Y1Y,1
deltaDv01_AUD,AUD_IRS_FWDFLY_3Y1Y_4Y1Y_5Y1Y,1
deltaDv01_AUD,AUD_IRS_FWDFLY_3Y2Y_5Y2Y_7Y2Y,1
deltaDv01_AUD,AUD_IRS_FWDFLY_4Y2Y_6Y2Y_8Y2Y,1
deltaDv01_AUD,AUD_IRS_FWDFLY_5Y5Y_10Y5Y_15Y5Y,1
deltaDv01_AUD,AUD_IRS_FWDFLY_6Y2Y_8Y2Y_10Y2Y,1
deltaDv01_JPY,JPY_OIS_FWDFLY_10Y5Y_15Y5Y_20Y5Y,1
deltaDv01_JPY,JPY_OIS_FWDFLY_15Y5Y_20Y5Y_25Y5Y,1
deltaDv01_JPY,JPY_OIS_FWDFLY_1Y1Y_2Y1Y_3Y1Y,1
deltaDv01_JPY,JPY_OIS_FWDFLY_2Y1Y_3Y1Y_4Y1Y,1
deltaDv01_JPY,JPY_OIS_FWDFLY_3Y1Y_4Y1Y_5Y1Y,1
deltaDv01_JPY,JPY_OIS_FWDFLY_3Y2Y_5Y2Y_7Y2Y,1
deltaDv01_JPY,JPY_OIS_FWDFLY_4Y2Y_6Y2Y_8Y2Y,1
deltaDv01_JPY,JPY_OIS_FWDFLY_5Y5Y_10Y5Y_15Y5Y,1
deltaDv01_JPY,JPY_OIS_FWDFLY_6Y2Y_8Y2Y_10Y2Y,1
deltaDv01_USD,USD_OIS_FWDFLY_10Y5Y_15Y5Y_20Y5Y,1
deltaDv01_USD,USD_OIS_FWDFLY_2Y1Y_3Y1Y_4Y1Y,1
deltaDv01_USD,USD_OIS_FWDFLY_3Y1Y_4Y1Y_5Y1Y,1
deltaDv01_USD,USD_OIS_FWDFLY_3Y2Y_5Y2Y_7Y2Y,1
deltaDv01_USD,USD_OIS_FWDFLY_4Y2Y_6Y2Y_8Y2Y,1
deltaDv01_USD,USD_OIS_FWDFLY_5Y5Y_10Y5Y_15Y5Y,1
deltaDv01_USD,USD_OIS_FWDFLY_6Y2Y_8Y2Y_10Y2Y,1
deltaTradeDv01_AUD,AUD_IRS_FWDFLY_10Y5Y_15Y5Y_20Y5Y,1
deltaTradeDv01_AUD,AUD_IRS_FWDFLY_2Y1Y_3Y1Y_4Y1Y,1
deltaTradeDv01_AUD,AUD_IRS_FWDFLY_3Y1Y_4Y1Y_5Y1Y,1
deltaTradeDv01_AUD,AUD_IRS_FWDFLY_3Y2Y_5Y2Y_7Y2Y,1
deltaTradeDv01_AUD,AUD_IRS_FWDFLY_4Y2Y_6Y2Y_8Y2Y,1
deltaTradeDv01_AUD,AUD_IRS_FWDFLY_5Y5Y_10Y5Y_15Y5Y,1
deltaTradeDv01_AUD,AUD_IRS_FWDFLY_6Y2Y_8Y2Y_10Y2Y,1
deltaTradeDv01_JPY,JPY_OIS_FWDFLY_10Y5Y_15Y5Y_20Y5Y,1
deltaTradeDv01_JPY,JPY_OIS_FWDFLY_15Y5Y_20Y5Y_25Y5Y,1
deltaTradeDv01_JPY,JPY_OIS_FWDFLY_1Y1Y_2Y1Y_3Y1Y,1
deltaTradeDv01_JPY,JPY_OIS_FWDFLY_2Y1Y_3Y1Y_4Y1Y,1
deltaTradeDv01_JPY,JPY_OIS_FWDFLY_3Y1Y_4Y1Y_5Y1Y,1
deltaTradeDv01_JPY,JPY_OIS_FWDFLY_3Y2Y_5Y2Y_7Y2Y,1
deltaTradeDv01_JPY,JPY_OIS_FWDFLY_4Y2Y_6Y2Y_8Y2Y,1
deltaTradeDv01_JPY,JPY_OIS_FWDFLY_5Y5Y_10Y5Y_15Y5Y,1
deltaTradeDv01_JPY,JPY_OIS_FWDFLY_6Y2Y_8Y2Y_10Y2Y,1
deltaTradeDv01_USD,USD_OIS_FWDFLY_10Y5Y_15Y5Y_20Y5Y,1
deltaTradeDv01_USD,USD_OIS_FWDFLY_2Y1Y_3Y1Y_4Y1Y,1
deltaTradeDv01_USD,USD_OIS_FWDFLY_3Y1Y_4Y1Y_5Y1Y,1
deltaTradeDv01_USD,USD_OIS_FWDFLY_3Y2Y_5Y2Y_7Y2Y,1
deltaTradeDv01_USD,USD_OIS_FWDFLY_4Y2Y_6Y2Y_8Y2Y,1
deltaTradeDv01_USD,USD_OIS_FWDFLY_5Y5Y_10Y5Y_15Y5Y,1
deltaTradeDv01_USD,USD_OIS_FWDFLY_6Y2Y_8Y2Y_10Y2Y,1
